id,name,read,pattern,sequence,feature_type
HT1,HT1,R2,5PNNNNNNNNNN(BC)NNNNNNNNN,ACCCACCAGTAAGAC,Antibody Capture
HT2,HT2,R2,5PNNNNNNNNNN(BC)NNNNNNNNN,GGTCGAGAGCATTCA,Antibody Capture
HT3,HT3,R2,5PNNNNNNNNNN(BC)NNNNNNNNN,CTTGCCGCATGTCAT,Antibody Capture
HT4,HT4,R2,5PNNNNNNNNNN(BC)NNNNNNNNN,AAAGCATTCTTCACG,Antibody Capture
HT5,HT5,R2,5PNNNNNNNNNN(BC)NNNNNNNNN,CTTTGTCTTTGTGAG,Antibody Capture
HT6,HT6,R2,5PNNNNNNNNNN(BC)NNNNNNNNN,TATGCTGCCACGGTA,Antibody Capture
HT7,HT7,R2,5PNNNNNNNNNN(BC)NNNNNNNNN,GAGTCTGCCAGTATC,Antibody Capture
HT8,HT8,R2,5PNNNNNNNNNN(BC)NNNNNNNNN,TATAGAACGCCAGGC,Antibody Capture
HT9,HT9,R2,5PNNNNNNNNNN(BC)NNNNNNNNN,TGCCTATGAAACAAG,Antibody Capture
HT10,HT10,R2,5PNNNNNNNNNN(BC)NNNNNNNNN,CCGATTGTAACAGAC,Antibody Capture
TCRVG1.1,TCRVG1.1,R2,5PNNNNNNNNNN(BC)NNNNNNNNN,TCGTTTAACCAGCCT,Antibody Capture
CD28,CD28,R2,5PNNNNNNNNNN(BC)NNNNNNNNN,ATTAAGAGCGTGTTG,Antibody Capture
CD38,CD38,R2,5PNNNNNNNNNN(BC)NNNNNNNNN,CGTATCCGTCTCCTA,Antibody Capture
CD16_CD32,CD16_CD32,R2,5PNNNNNNNNNN(BC)NNNNNNNNN,TTCGATGCTGGAGCA,Antibody Capture
CD45.2,CD45.2,R2,5PNNNNNNNNNN(BC)NNNNNNNNN,CACCGTCATTCAACC,Antibody Capture
CD31,CD31,R2,5PNNNNNNNNNN(BC)NNNNNNNNN,GCTGTAGTATCATGT,Antibody Capture
TCRVG3,TCRVG3,R2,5PNNNNNNNNNN(BC)NNNNNNNNN,TCGTGGTCCCTTTCT,Antibody Capture
BST2.PDCA1.CD317,BST2.PDCA1.CD317,R2,5PNNNNNNNNNN(BC)NNNNNNNNN,TGTGGTAGCCCTTGT,Antibody Capture
FCERA,FCERA,R2,5PNNNNNNNNNN(BC)NNNNNNNNN,AGTCACCTCGAAGCT,Antibody Capture
CD103,CD103,R2,5PNNNNNNNNNN(BC)NNNNNNNNN,TTCATTAGCCCGCTG,Antibody Capture
NEUROPILIN1.CD304,NEUROPILIN1.CD304,R2,5PNNNNNNNNNN(BC)NNNNNNNNN,CCAGCTCATTCAACG,Antibody Capture
CD3E,CD3E,R2,5PNNNNNNNNNN(BC)NNNNNNNNN,TAATGCCAGTTGTGC,Antibody Capture
CD80,CD80,R2,5PNNNNNNNNNN(BC)NNNNNNNNN,GACCCGGTGTCATTT,Antibody Capture
CD3,CD3,R2,5PNNNNNNNNNN(BC)NNNNNNNNN,GTATGTCCGCTCGAT,Antibody Capture
CD137,CD137,R2,5PNNNNNNNNNN(BC)NNNNNNNNN,TCCCTGTATAGATGA,Antibody Capture
CD94,CD94,R2,5PNNNNNNNNNN(BC)NNNNNNNNN,CACAGTTGTCCGTGT,Antibody Capture
LY6G,LY6G,R2,5PNNNNNNNNNN(BC)NNNNNNNNN,ACATTGACGCAACTA,Antibody Capture
CD1D,CD1D,R2,5PNNNNNNNNNN(BC)NNNNNNNNN,CAACTTGGCCGAATC,Antibody Capture
P2X7R,P2X7R,R2,5PNNNNNNNNNN(BC)NNNNNNNNN,TGCTTCATTCATGTG,Antibody Capture
TIGIT,TIGIT,R2,5PNNNNNNNNNN(BC)NNNNNNNNN,GAAAGTCGCCAACAG,Antibody Capture
CD138,CD138,R2,5PNNNNNNNNNN(BC)NNNNNNNNN,GCGTTTGTATGTACT,Antibody Capture
CCR6,CCR6,R2,5PNNNNNNNNNN(BC)NNNNNNNNN,CTCTCTGCATTCCTC,Antibody Capture
NKP46,NKP46,R2,5PNNNNNNNNNN(BC)NNNNNNNNN,CCCTTTCACCTCGAA,Antibody Capture
KIT,KIT,R2,5PNNNNNNNNNN(BC)NNNNNNNNN,TGCATGTCATCGGTG,Antibody Capture
CD61,CD61,R2,5PNNNNNNNNNN(BC)NNNNNNNNN,TTCTTTACCCGCCTG,Antibody Capture
KLRG1,KLRG1,R2,5PNNNNNNNNNN(BC)NNNNNNNNN,GTAGTAGGCTAGACC,Antibody Capture
CCR4.CD194,CCR4.CD194,R2,5PNNNNNNNNNN(BC)NNNNNNNNN,TTCATGTGTTTGTGC,Antibody Capture
CD45,CD45,R2,5PNNNNNNNNNN(BC)NNNNNNNNN,TGGCTATGGAGCAGA,Antibody Capture
THY1.2,THY1.2,R2,5PNNNNNNNNNN(BC)NNNNNNNNN,CCGATCAGCCGTTTA,Antibody Capture
LY108,LY108,R2,5PNNNNNNNNNN(BC)NNNNNNNNN,CGATTCTTTGCGAGT,Antibody Capture
IL21R,IL21R,R2,5PNNNNNNNNNN(BC)NNNNNNNNN,GATTCCGACAGTAGA,Antibody Capture
CCR7,CCR7,R2,5PNNNNNNNNNN(BC)NNNNNNNNN,TTATTAACAGCCCAC,Antibody Capture
TNFRSF25.DR3,TNFRSF25.DR3,R2,5PNNNNNNNNNN(BC)NNNNNNNNN,GCTTGGGCAATTAAG,Antibody Capture
CD8A,CD8A,R2,5PNNNNNNNNNN(BC)NNNNNNNNN,TACCCGTAATAGCGT,Antibody Capture
CD5,CD5,R2,5PNNNNNNNNNN(BC)NNNNNNNNN,CAGCTCAGTGTGTTG,Antibody Capture
IL2RB.CD122,IL2RB.CD122,R2,5PNNNNNNNNNN(BC)NNNNNNNNN,GGTATGCGACACTTA,Antibody Capture
BTLA.CD272,BTLA.CD272,R2,5PNNNNNNNNNN(BC)NNNNNNNNN,TGACCCTATTGAGAA,Antibody Capture
CD19,CD19,R2,5PNNNNNNNNNN(BC)NNNNNNNNN,ATCAGCCATGTCAGT,Antibody Capture
CD160,CD160,R2,5PNNNNNNNNNN(BC)NNNNNNNNN,GCGTATGTCAGTACC,Antibody Capture
CD45.1,CD45.1,R2,5PNNNNNNNNNN(BC)NNNNNNNNN,CCTATGGACTTGGAC,Antibody Capture
IL7RA.CD127,IL7RA.CD127,R2,5PNNNNNNNNNN(BC)NNNNNNNNN,GTGTGAGGCACTCTT,Antibody Capture
TCRVA2,TCRVA2,R2,5PNNNNNNNNNN(BC)NNNNNNNNN,TTGACCCGCTACGAA,Antibody Capture
TCRVA8.3,TCRVA8.3,R2,5PNNNNNNNNNN(BC)NNNNNNNNN,TTAGAGTCGCTTGGA,Antibody Capture
F480,F480,R2,5PNNNNNNNNNN(BC)NNNNNNNNN,TTAACTTCAGCCCGT,Antibody Capture
CD45RB,CD45RB,R2,5PNNNNNNNNNN(BC)NNNNNNNNN,TTGTATCTCCCTTGG,Antibody Capture
ICOS.CD278,ICOS.CD278,R2,5PNNNNNNNNNN(BC)NNNNNNNNN,CGCGCACCCATTAAA,Antibody Capture
LAG3.CD223,LAG3.CD223,R2,5PNNNNNNNNNN(BC)NNNNNNNNN,ATTCCGTCCCTAAGG,Antibody Capture
CXCR3,CXCR3,R2,5PNNNNNNNNNN(BC)NNNNNNNNN,GTTCACGCCGTGTTA,Antibody Capture
SCA1,SCA1,R2,5PNNNNNNNNNN(BC)NNNNNNNNN,TTCCTTTCCTACGCA,Antibody Capture
IL1RL1.ST2,IL1RL1.ST2,R2,5PNNNNNNNNNN(BC)NNNNNNNNN,GCGATGGAGCATGTT,Antibody Capture
GITR.CD357,GITR.CD357,R2,5PNNNNNNNNNN(BC)NNNNNNNNN,GGCACTCTGTAACAT,Antibody Capture
CD39,CD39,R2,5PNNNNNNNNNN(BC)NNNNNNNNN,GCGTATTTAACCCGT,Antibody Capture
CD81,CD81,R2,5PNNNNNNNNNN(BC)NNNNNNNNN,TTGTCACCAACTTCC,Antibody Capture
ITB7,ITB7,R2,5PNNNNNNNNNN(BC)NNNNNNNNN,TCCTTGGATGTACCG,Antibody Capture
Isotype.Rat.IgG1bl,Isotype.Rat.IgG1bl,R2,5PNNNNNNNNNN(BC)NNNNNNNNN,GGGAGCGATTCAACT,Antibody Capture
CD86,CD86,R2,5PNNNNNNNNNN(BC)NNNNNNNNN,CTGGATTTGTGTATC,Antibody Capture
TCRGD,TCRGD,R2,5PNNNNNNNNNN(BC)NNNNNNNNN,AACCCAAATAGCTGA,Antibody Capture
ITA6.CD49F,ITA6.CD49F,R2,5PNNNNNNNNNN(BC)NNNNNNNNN,TTCCGAGGATGATCT,Antibody Capture
CD69,CD69,R2,5PNNNNNNNNNN(BC)NNNNNNNNN,TTGTATTCCGCCATT,Antibody Capture
TCRB,TCRB,R2,5PNNNNNNNNNN(BC)NNNNNNNNN,TCCTATGGGACTCAG,Antibody Capture
LY6C1_LY6C2,LY6C1_LY6C2,R2,5PNNNNNNNNNN(BC)NNNNNNNNN,AAGTCGTGAGGCATG,Antibody Capture
CD48,CD48,R2,5PNNNNNNNNNN(BC)NNNNNNNNN,AGAACCGCCGTAGTT,Antibody Capture
HVEM.CD270,HVEM.CD270,R2,5PNNNNNNNNNN(BC)NNNNNNNNN,GATCCGTGTTGCCTA,Antibody Capture
CD49A,CD49A,R2,5PNNNNNNNNNN(BC)NNNNNNNNN,CCATTCATTTGTGGC,Antibody Capture
CD49B,CD49B,R2,5PNNNNNNNNNN(BC)NNNNNNNNN,CGCGTTAGTAGAGTC,Antibody Capture
CD29,CD29,R2,5PNNNNNNNNNN(BC)NNNNNNNNN,ACGCATTCCTTGTGT,Antibody Capture
Isotype.Hamster.IgG,Isotype.Hamster.IgG,R2,5PNNNNNNNNNN(BC)NNNNNNNNN,CCTGTCATTAAGACT,Antibody Capture
IL4RA.CD124,IL4RA.CD124,R2,5PNNNNNNNNNN(BC)NNNNNNNNN,GAACCGTAGTATAAC,Antibody Capture
CD44,CD44,R2,5PNNNNNNNNNN(BC)NNNNNNNNN,TGGCTTCAGGTCCTA,Antibody Capture
TCRVB8.1_TCRVB8.2,TCRVB8.1_TCRVB8.2,R2,5PNNNNNNNNNN(BC)NNNNNNNNN,ACTATCCGTTGTGCT,Antibody Capture
TCRVA8.3bis,TCRVA8.3bis,R2,5PNNNNNNNNNN(BC)NNNNNNNNN,CTTTCCCTAGTATGC,Antibody Capture
CXCR5,CXCR5,R2,5PNNNNNNNNNN(BC)NNNNNNNNN,ACGTAGTCACCTAGT,Antibody Capture
CD27,CD27,R2,5PNNNNNNNNNN(BC)NNNNNNNNN,CAAGGTATGTCACTG,Antibody Capture
CD24,CD24,R2,5PNNNNNNNNNN(BC)NNNNNNNNN,TATATCTTTGCCGCA,Antibody Capture
ITAM.CD11B,ITAM.CD11B,R2,5PNNNNNNNNNN(BC)NNNNNNNNN,TGAAGGCTCATTTGT,Antibody Capture
CD11A,CD11A,R2,5PNNNNNNNNNN(BC)NNNNNNNNN,AGAGTCTCCCTTTAG,Antibody Capture
I.A_I.E,I.A_I.E,R2,5PNNNNNNNNNN(BC)NNNNNNNNN,GGTCACCAGTATGAT,Antibody Capture
CD30,CD30,R2,5PNNNNNNNNNN(BC)NNNNNNNNN,ATCATTCCCGCTTAA,Antibody Capture
CD62L,CD62L,R2,5PNNNNNNNNNN(BC)NNNNNNNNN,TGGGCCTAAGTCATC,Antibody Capture
FASL.CD178,FASL.CD178,R2,5PNNNNNNNNNN(BC)NNNNNNNNN,GTCACGTAGTATCTT,Antibody Capture
CD83,CD83,R2,5PNNNNNNNNNN(BC)NNNNNNNNN,TCTCAGGCTTCCTAG,Antibody Capture
PD1L1.CD274,PD1L1.CD274,R2,5PNNNNNNNNNN(BC)NNNNNNNNN,TCGATTCCACCAACT,Antibody Capture
VISTA,VISTA,R2,5PNNNNNNNNNN(BC)NNNNNNNNN,ACATTTCCCTTGCCT,Antibody Capture
Isotype.Mouse.IgG2ak,Isotype.Mouse.IgG2ak,R2,5PNNNNNNNNNN(BC)NNNNNNNNN,CTCCTACCTAAACTG,Antibody Capture
Isotype.Mouse.IgG1k,Isotype.Mouse.IgG1k,R2,5PNNNNNNNNNN(BC)NNNNNNNNN,GCCGGACGACATTAA,Antibody Capture
Isotype.Mouse.IgG2bk,Isotype.Mouse.IgG2bk,R2,5PNNNNNNNNNN(BC)NNNNNNNNN,ATATGTATCACGCGA,Antibody Capture
TCRVB5.1_TCRVB5.2,TCRVB5.1_TCRVB5.2,R2,5PNNNNNNNNNN(BC)NNNNNNNNN,CTCAACAGTATTCTG,Antibody Capture
CD9,CD9,R2,5PNNNNNNNNNN(BC)NNNNNNNNN,TAGCAGTCACTCCTA,Antibody Capture
ITAX.CD11C,ITAX.CD11C,R2,5PNNNNNNNNNN(BC)NNNNNNNNN,GTTATGGACGCTTGC,Antibody Capture
CD200R,CD200R,R2,5PNNNNNNNNNN(BC)NNNNNNNNN,ATTCTTTCCCTCTGT,Antibody Capture
THY1.1.CD90.1,THY1.1.CD90.1,R2,5PNNNNNNNNNN(BC)NNNNNNNNN,AGTATGGGATGCAAT,Antibody Capture
OX40.CD134,OX40.CD134,R2,5PNNNNNNNNNN(BC)NNNNNNNNN,CTCACCTACCTATGG,Antibody Capture
CD200,CD200,R2,5PNNNNNNNNNN(BC)NNNNNNNNN,TCAATTCCGGTAGTC,Antibody Capture
IL2RA.CD25,IL2RA.CD25,R2,5PNNNNNNNNNN(BC)NNNNNNNNN,ACCATGAGACACAGT,Antibody Capture
KLRBC_NK1.1,KLRBC_NK1.1,R2,5PNNNNNNNNNN(BC)NNNNNNNNN,GTAACATTACTCGTC,Antibody Capture
ITA4.CD49D,ITA4.CD49D,R2,5PNNNNNNNNNN(BC)NNNNNNNNN,CGCTTGGACGCTTAA,Antibody Capture
B220,B220,R2,5PNNNNNNNNNN(BC)NNNNNNNNN,CCTACACCTCATAAT,Antibody Capture
GR1_LY6G_LY6C1_LY6C2,GR1_LY6G_LY6C1_LY6C2,R2,5PNNNNNNNNNN(BC)NNNNNNNNN,TAGTGTATGGACACG,Antibody Capture
CD55.DAF,CD55.DAF,R2,5PNNNNNNNNNN(BC)NNNNNNNNN,ATTGTTGTCAGACCA,Antibody Capture
CD2,CD2,R2,5PNNNNNNNNNN(BC)NNNNNNNNN,TTGCCGTGTGTTTAA,Antibody Capture
CD4,CD4,R2,5PNNNNNNNNNN(BC)NNNNNNNNN,AACAAGACCCTTGAG,Antibody Capture
PDCD1.PD1.CD279,PDCD1.PD1.CD279,R2,5PNNNNNNNNNN(BC)NNNNNNNNN,GAAAGTCAAAGCACT,Antibody Capture
HAVCR2,HAVCR2,R2,5PNNNNNNNNNN(BC)NNNNNNNNN,ATTGGCACTCAGATG,Antibody Capture
Isotype.Rat.IgG1bk,Isotype.Rat.IgG1bk,R2,5PNNNNNNNNNN(BC)NNNNNNNNN,ATCAGATGCCCTCAT,Antibody Capture
Isotype.Rat.IgG2ak,Isotype.Rat.IgG2ak,R2,5PNNNNNNNNNN(BC)NNNNNNNNN,AAGTCAGGTTCGTTT,Antibody Capture
Isotype.Rat.IgG2ck,Isotype.Rat.IgG2ck,R2,5PNNNNNNNNNN(BC)NNNNNNNNN,TCCAGGCTAGTCATT,Antibody Capture
Isotype.Rat.IgG2bk,Isotype.Rat.IgG2bk,R2,5PNNNNNNNNNN(BC)NNNNNNNNN,GATTCTTGACGACCT,Antibody Capture
CD43,CD43,R2,5PNNNNNNNNNN(BC)NNNNNNNNN,TTGGAGGGTTGTGCT,Antibody Capture
CX3CR1,CX3CR1,R2,5PNNNNNNNNNN(BC)NNNNNNNNN,CACTCTCAGTCCTAT,Antibody Capture
CXCR2,CXCR2,R2,5PNNNNNNNNNN(BC)NNNNNNNNN,TTTCCTTGTAGAGCG,Antibody Capture
CXCR6.CD186,CXCR6.CD186,R2,5PNNNNNNNNNN(BC)NNNNNNNNN,TGTCAGGTTGTATTC,Antibody Capture
CCR2.CD192,CCR2.CD192,R2,5PNNNNNNNNNN(BC)NNNNNNNNN,AGTGCGATCTGCAAC,Antibody Capture
CCR8,CCR8,R2,5PNNNNNNNNNN(BC)NNNNNNNNN,ATCTCCGTTGTGCGA,Antibody Capture
CD20,CD20,R2,5PNNNNNNNNNN(BC)NNNNNNNNN,TCCACTCCCTGTATA,Antibody Capture
FAS.CD95,FAS.CD95,R2,5PNNNNNNNNNN(BC)NNNNNNNNN,CACATCGTTTGTGTA,Antibody Capture
CD34,CD34,R2,5PNNNNNNNNNN(BC)NNNNNNNNN,AAACTCAGGTCCTTC,Antibody Capture
SLAM.CD150,SLAM.CD150,R2,5PNNNNNNNNNN(BC)NNNNNNNNN,CAACGCCTAGAAACC,Antibody Capture
TER119,TER119,R2,5PNNNNNNNNNN(BC)NNNNNNNNN,GCGCGTTTGTGCTAT,Antibody Capture
FR4,FR4,R2,5PNNNNNNNNNN(BC)NNNNNNNNN,TGATCTAAGGTATGC,Antibody Capture
CD120B,CD120B,R2,5PNNNNNNNNNN(BC)NNNNNNNNN,GAAGCTGTATCCGAA,Antibody Capture
CD226.DNAM1,CD226.DNAM1,R2,5PNNNNNNNNNN(BC)NNNNNNNNN,CGGTATCCGTCAGTT,Antibody Capture
CD155.PVR,CD155.PVR,R2,5PNNNNNNNNNN(BC)NNNNNNNNN,TAGCTTGGGATTAAG,Antibody Capture
CD73.5NTD,CD73.5NTD,R2,5PNNNNNNNNNN(BC)NNNNNNNNN,ACACTTAACGTCTGG,Antibody Capture
PD1L2.CD273,PD1L2.CD273,R2,5PNNNNNNNNNN(BC)NNNNNNNNN,CACTCCTTGTAGTCA,Antibody Capture
TCRVG2,TCRVG2,R2,5PNNNNNNNNNN(BC)NNNNNNNNN,AAGCTGCACCGTAAT,Antibody Capture
LY49A,LY49A,R2,5PNNNNNNNNNN(BC)NNNNNNNNN,AATTCCGTCAGATGA,Antibody Capture
ICAM1,ICAM1,R2,5PNNNNNNNNNN(BC)NNNNNNNNN,ATAACCGACACAGTG,Antibody Capture
CD8B,CD8B,R2,5PNNNNNNNNNN(BC)NNNNNNNNN,TTCCCTCTATGGAGC,Antibody Capture