id,name,read,pattern,sequence,feature_type
HT1,HT1,R2,5PNNNNNNNNNN(BC)NNNNNNNNN,ACCCACCAGTAAGAC,Antibody Capture
HT2,HT2,R2,5PNNNNNNNNNN(BC)NNNNNNNNN,GGTCGAGAGCATTCA,Antibody Capture
HT3,HT3,R2,5PNNNNNNNNNN(BC)NNNNNNNNN,CTTGCCGCATGTCAT,Antibody Capture
HT4,HT4,R2,5PNNNNNNNNNN(BC)NNNNNNNNN,AAAGCATTCTTCACG,Antibody Capture
HT5,HT5,R2,5PNNNNNNNNNN(BC)NNNNNNNNN,CTTTGTCTTTGTGAG,Antibody Capture
HT6,HT6,R2,5PNNNNNNNNNN(BC)NNNNNNNNN,TATGCTGCCACGGTA,Antibody Capture
HT7,HT7,R2,5PNNNNNNNNNN(BC)NNNNNNNNN,GAGTCTGCCAGTATC,Antibody Capture
HT8,HT8,R2,5PNNNNNNNNNN(BC)NNNNNNNNN,TATAGAACGCCAGGC,Antibody Capture
HT9,HT9,R2,5PNNNNNNNNNN(BC)NNNNNNNNN,TGCCTATGAAACAAG,Antibody Capture
HT10,HT10,R2,5PNNNNNNNNNN(BC)NNNNNNNNN,CCGATTGTAACAGAC,Antibody Capture
B220,B220,R2,5PNNNNNNNNNN(BC)NNNNNNNNN,CCTACACCTCATAAT,Antibody Capture
BST2.PDCA1.CD317,BST2.PDCA1.CD317,R2,5PNNNNNNNNNN(BC)NNNNNNNNN,TGTGGTAGCCCTTGT,Antibody Capture
BTLA.CD272,BTLA.CD272,R2,5PNNNNNNNNNN(BC)NNNNNNNNN,TGACCCTATTGAGAA,Antibody Capture
CCR2.CD192,CCR2.CD192,R2,5PNNNNNNNNNN(BC)NNNNNNNNN,AGTGCGATCTGCAAC,Antibody Capture
CCR4.CD194,CCR4.CD194,R2,5PNNNNNNNNNN(BC)NNNNNNNNN,TTCATGTGTTTGTGC,Antibody Capture
CCR6,CCR6,R2,5PNNNNNNNNNN(BC)NNNNNNNNN,CTCTCTGCATTCCTC,Antibody Capture
CCR7,CCR7,R2,5PNNNNNNNNNN(BC)NNNNNNNNN,TTATTAACAGCCCAC,Antibody Capture
CCR8,CCR8,R2,5PNNNNNNNNNN(BC)NNNNNNNNN,ATCTCCGTTGTGCGA,Antibody Capture
CD103,CD103,R2,5PNNNNNNNNNN(BC)NNNNNNNNN,TTCATTAGCCCGCTG,Antibody Capture
CD105,CD105,R2,5PNNNNNNNNNN(BC)NNNNNNNNN,TATCCCTGCCTTGCA,Antibody Capture
CD106,CD106,R2,5PNNNNNNNNNN(BC)NNNNNNNNN,CGTTCCTACCTACCT,Antibody Capture
CD11A,CD11A,R2,5PNNNNNNNNNN(BC)NNNNNNNNN,AGAGTCTCCCTTTAG,Antibody Capture
CD120B,CD120B,R2,5PNNNNNNNNNN(BC)NNNNNNNNN,GAAGCTGTATCCGAA,Antibody Capture
CD137,CD137,R2,5PNNNNNNNNNN(BC)NNNNNNNNN,TCCCTGTATAGATGA,Antibody Capture
CD138,CD138,R2,5PNNNNNNNNNN(BC)NNNNNNNNN,GCGTTTGTATGTACT,Antibody Capture
CD14,CD14,R2,5PNNNNNNNNNN(BC)NNNNNNNNN,AACCAACAGTCACGT,Antibody Capture
CD140A,CD140A,R2,5PNNNNNNNNNN(BC)NNNNNNNNN,GTCATTGCGGTCCTA,Antibody Capture
CD15,CD15,R2,5PNNNNNNNNNN(BC)NNNNNNNNN,GCTAGTTTGTGCTGC,Antibody Capture
CD152.CTLA4,CD152.CTLA4,R2,5PNNNNNNNNNN(BC)NNNNNNNNN,AGTGTTTGTCCTGGT,Antibody Capture
CD155.PVR,CD155.PVR,R2,5PNNNNNNNNNN(BC)NNNNNNNNN,TAGCTTGGGATTAAG,Antibody Capture
CD16_CD32,CD16_CD32,R2,5PNNNNNNNNNN(BC)NNNNNNNNN,TTCGATGCTGGAGCA,Antibody Capture
CD160,CD160,R2,5PNNNNNNNNNN(BC)NNNNNNNNN,GCGTATGTCAGTACC,Antibody Capture
CD163,CD163,R2,5PNNNNNNNNNN(BC)NNNNNNNNN,GAGCAAGATTAAGAC,Antibody Capture
CD19,CD19,R2,5PNNNNNNNNNN(BC)NNNNNNNNN,ATCAGCCATGTCAGT,Antibody Capture
CD1D,CD1D,R2,5PNNNNNNNNNN(BC)NNNNNNNNN,CAACTTGGCCGAATC,Antibody Capture
CD2,CD2,R2,5PNNNNNNNNNN(BC)NNNNNNNNN,TTGCCGTGTGTTTAA,Antibody Capture
CD20,CD20,R2,5PNNNNNNNNNN(BC)NNNNNNNNN,TCCACTCCCTGTATA,Antibody Capture
CD200,CD200,R2,5PNNNNNNNNNN(BC)NNNNNNNNN,TCAATTCCGGTAGTC,Antibody Capture
CD200R,CD200R,R2,5PNNNNNNNNNN(BC)NNNNNNNNN,ATTCTTTCCCTCTGT,Antibody Capture
CD204,CD204,R2,5PNNNNNNNNNN(BC)NNNNNNNNN,AGCTAGACACGTTGT,Antibody Capture
CD206,CD206,R2,5PNNNNNNNNNN(BC)NNNNNNNNN,TCAACTCGGTGTTGC,Antibody Capture
CD21_CD35,CD21_CD35,R2,5PNNNNNNNNNN(BC)NNNNNNNNN,GGATAATTTCGATCC,Antibody Capture
CD226.DNAM1,CD226.DNAM1,R2,5PNNNNNNNNNN(BC)NNNNNNNNN,CGGTATCCGTCAGTT,Antibody Capture
CD23,CD23,R2,5PNNNNNNNNNN(BC)NNNNNNNNN,TCTCTTGGAAGATGA,Antibody Capture
CD24,CD24,R2,5PNNNNNNNNNN(BC)NNNNNNNNN,TATATCTTTGCCGCA,Antibody Capture
CD27,CD27,R2,5PNNNNNNNNNN(BC)NNNNNNNNN,CAAGGTATGTCACTG,Antibody Capture
CD28,CD28,R2,5PNNNNNNNNNN(BC)NNNNNNNNN,ATTAAGAGCGTGTTG,Antibody Capture
CD29,CD29,R2,5PNNNNNNNNNN(BC)NNNNNNNNN,ACGCATTCCTTGTGT,Antibody Capture
CD3,CD3,R2,5PNNNNNNNNNN(BC)NNNNNNNNN,GTATGTCCGCTCGAT,Antibody Capture
CD30,CD30,R2,5PNNNNNNNNNN(BC)NNNNNNNNN,ATCATTCCCGCTTAA,Antibody Capture
CD300LG,CD300LG,R2,5PNNNNNNNNNN(BC)NNNNNNNNN,CGGTCCGTATCATTT,Antibody Capture
CD301B,CD301B,R2,5PNNNNNNNNNN(BC)NNNNNNNNN,CTTGCCTTGCGATTT,Antibody Capture
CD31,CD31,R2,5PNNNNNNNNNN(BC)NNNNNNNNN,GCTGTAGTATCATGT,Antibody Capture
CD34,CD34,R2,5PNNNNNNNNNN(BC)NNNNNNNNN,AAACTCAGGTCCTTC,Antibody Capture
CD38,CD38,R2,5PNNNNNNNNNN(BC)NNNNNNNNN,CGTATCCGTCTCCTA,Antibody Capture
CD39,CD39,R2,5PNNNNNNNNNN(BC)NNNNNNNNN,GCGTATTTAACCCGT,Antibody Capture
CD3E,CD3E,R2,5PNNNNNNNNNN(BC)NNNNNNNNN,TAATGCCAGTTGTGC,Antibody Capture
CD4,CD4,R2,5PNNNNNNNNNN(BC)NNNNNNNNN,AACAAGACCCTTGAG,Antibody Capture
CD40,CD40,R2,5PNNNNNNNNNN(BC)NNNNNNNNN,ATTTGTATGCTGGAG,Antibody Capture
CD43,CD43,R2,5PNNNNNNNNNN(BC)NNNNNNNNN,TTGGAGGGTTGTGCT,Antibody Capture
CD44,CD44,R2,5PNNNNNNNNNN(BC)NNNNNNNNN,TGGCTTCAGGTCCTA,Antibody Capture
CD45.1,CD45.1,R2,5PNNNNNNNNNN(BC)NNNNNNNNN,CCTATGGACTTGGAC,Antibody Capture
CD45.2,CD45.2,R2,5PNNNNNNNNNN(BC)NNNNNNNNN,CACCGTCATTCAACC,Antibody Capture
CD45RB,CD45RB,R2,5PNNNNNNNNNN(BC)NNNNNNNNN,TTGTATCTCCCTTGG,Antibody Capture
CD48,CD48,R2,5PNNNNNNNNNN(BC)NNNNNNNNN,AGAACCGCCGTAGTT,Antibody Capture
CD49A,CD49A,R2,5PNNNNNNNNNN(BC)NNNNNNNNN,CCATTCATTTGTGGC,Antibody Capture
CD49B,CD49B,R2,5PNNNNNNNNNN(BC)NNNNNNNNN,CGCGTTAGTAGAGTC,Antibody Capture
CD5,CD5,R2,5PNNNNNNNNNN(BC)NNNNNNNNN,CAGCTCAGTGTGTTG,Antibody Capture
CD55.DAF,CD55.DAF,R2,5PNNNNNNNNNN(BC)NNNNNNNNN,ATTGTTGTCAGACCA,Antibody Capture
CD61,CD61,R2,5PNNNNNNNNNN(BC)NNNNNNNNN,TTCTTTACCCGCCTG,Antibody Capture
CD62L,CD62L,R2,5PNNNNNNNNNN(BC)NNNNNNNNN,TGGGCCTAAGTCATC,Antibody Capture
CD62P,CD62P,R2,5PNNNNNNNNNN(BC)NNNNNNNNN,TGTGTGCCGTAGACT,Antibody Capture
CD63,CD63,R2,5PNNNNNNNNNN(BC)NNNNNNNNN,ATCCGACACGTATTA,Antibody Capture
CD64.FCGR1,CD64.FCGR1,R2,5PNNNNNNNNNN(BC)NNNNNNNNN,AGCAATTAACGGGAG,Antibody Capture
CD68,CD68,R2,5PNNNNNNNNNN(BC)NNNNNNNNN,CTTTCTTTCACGGGA,Antibody Capture
CD69,CD69,R2,5PNNNNNNNNNN(BC)NNNNNNNNN,TTGTATTCCGCCATT,Antibody Capture
CD71,CD71,R2,5PNNNNNNNNNN(BC)NNNNNNNNN,ACCGACCAGTAGACA,Antibody Capture
CD73.5NTD,CD73.5NTD,R2,5PNNNNNNNNNN(BC)NNNNNNNNN,ACACTTAACGTCTGG,Antibody Capture
CD80,CD80,R2,5PNNNNNNNNNN(BC)NNNNNNNNN,GACCCGGTGTCATTT,Antibody Capture
CD81,CD81,R2,5PNNNNNNNNNN(BC)NNNNNNNNN,TTGTCACCAACTTCC,Antibody Capture
CD83,CD83,R2,5PNNNNNNNNNN(BC)NNNNNNNNN,TCTCAGGCTTCCTAG,Antibody Capture
CD85K,CD85K,R2,5PNNNNNNNNNN(BC)NNNNNNNNN,ATGTCAACTCTGGGA,Antibody Capture
CD86,CD86,R2,5PNNNNNNNNNN(BC)NNNNNNNNN,CTGGATTTGTGTATC,Antibody Capture
CD8A,CD8A,R2,5PNNNNNNNNNN(BC)NNNNNNNNN,TACCCGTAATAGCGT,Antibody Capture
CD8B,CD8B,R2,5PNNNNNNNNNN(BC)NNNNNNNNN,TTCCCTCTATGGAGC,Antibody Capture
CD9,CD9,R2,5PNNNNNNNNNN(BC)NNNNNNNNN,TAGCAGTCACTCCTA,Antibody Capture
CD93,CD93,R2,5PNNNNNNNNNN(BC)NNNNNNNNN,GGTATTTCCTGTGGT,Antibody Capture
CD94,CD94,R2,5PNNNNNNNNNN(BC)NNNNNNNNN,CACAGTTGTCCGTGT,Antibody Capture
CLEC9A.CD370,CLEC9A.CD370,R2,5PNNNNNNNNNN(BC)NNNNNNNNN,AACTCAGTTGTGCCG,Antibody Capture
CSF1R,CSF1R,R2,5PNNNNNNNNNN(BC)NNNNNNNNN,TTCCGTTGTTGTGAG,Antibody Capture
CX3CR1,CX3CR1,R2,5PNNNNNNNNNN(BC)NNNNNNNNN,CACTCTCAGTCCTAT,Antibody Capture
CXCR2,CXCR2,R2,5PNNNNNNNNNN(BC)NNNNNNNNN,TTTCCTTGTAGAGCG,Antibody Capture
CXCR3,CXCR3,R2,5PNNNNNNNNNN(BC)NNNNNNNNN,GTTCACGCCGTGTTA,Antibody Capture
CXCR5,CXCR5,R2,5PNNNNNNNNNN(BC)NNNNNNNNN,ACGTAGTCACCTAGT,Antibody Capture
CXCR6.CD186,CXCR6.CD186,R2,5PNNNNNNNNNN(BC)NNNNNNNNN,TGTCAGGTTGTATTC,Antibody Capture
DEC205.CD205,DEC205.CD205,R2,5PNNNNNNNNNN(BC)NNNNNNNNN,CATATTGGCCGTAGT,Antibody Capture
EPCAM.CD326,EPCAM.CD326,R2,5PNNNNNNNNNN(BC)NNNNNNNNN,ACCCGCGTTAGTATG,Antibody Capture
EPCR.CD201,EPCR.CD201,R2,5PNNNNNNNNNN(BC)NNNNNNNNN,TATGATCTGCCCTTG,Antibody Capture
ESAM,ESAM,R2,5PNNNNNNNNNN(BC)NNNNNNNNN,TATAGTTTCCGCCGT,Antibody Capture
F480,F480,R2,5PNNNNNNNNNN(BC)NNNNNNNNN,TTAACTTCAGCCCGT,Antibody Capture
FAS.CD95,FAS.CD95,R2,5PNNNNNNNNNN(BC)NNNNNNNNN,CACATCGTTTGTGTA,Antibody Capture
FASL.CD178,FASL.CD178,R2,5PNNNNNNNNNN(BC)NNNNNNNNN,GTCACGTAGTATCTT,Antibody Capture
FCERA,FCERA,R2,5PNNNNNNNNNN(BC)NNNNNNNNN,AGTCACCTCGAAGCT,Antibody Capture
FLT3,FLT3,R2,5PNNNNNNNNNN(BC)NNNNNNNNN,GTAGCAAGATTCAAG,Antibody Capture
FR4,FR4,R2,5PNNNNNNNNNN(BC)NNNNNNNNN,TGATCTAAGGTATGC,Antibody Capture
GALECTIN3,GALECTIN3,R2,5PNNNNNNNNNN(BC)NNNNNNNNN,GATGCAATTAGCCGG,Antibody Capture
GITR.CD357,GITR.CD357,R2,5PNNNNNNNNNN(BC)NNNNNNNNN,GGCACTCTGTAACAT,Antibody Capture
GR1_LY6G_LY6C1_LY6C2,GR1_LY6G_LY6C1_LY6C2,R2,5PNNNNNNNNNN(BC)NNNNNNNNN,TAGTGTATGGACACG,Antibody Capture
H2KB,H2KB,R2,5PNNNNNNNNNN(BC)NNNNNNNNN,CGTTTATGGGATGGG,Antibody Capture
HAVCR2.TIM3,HAVCR2.TIM3,R2,5PNNNNNNNNNN(BC)NNNNNNNNN,ATTGGCACTCAGATG,Antibody Capture
HVEM.CD270,HVEM.CD270,R2,5PNNNNNNNNNN(BC)NNNNNNNNN,GATCCGTGTTGCCTA,Antibody Capture
I.A_I.E,I.A_I.E,R2,5PNNNNNNNNNN(BC)NNNNNNNNN,GGTCACCAGTATGAT,Antibody Capture
ICAM1,ICAM1,R2,5PNNNNNNNNNN(BC)NNNNNNNNN,ATAACCGACACAGTG,Antibody Capture
ICOS.CD278,ICOS.CD278,R2,5PNNNNNNNNNN(BC)NNNNNNNNN,CGCGCACCCATTAAA,Antibody Capture
ICOS.CD278.bis,ICOS.CD278.bis,R2,5PNNNNNNNNNN(BC)NNNNNNNNN,ACTGCCATATCCCTA,Antibody Capture
IGD,IGD,R2,5PNNNNNNNNNN(BC)NNNNNNNNN,TCATATCCGTTGTCC,Antibody Capture
IGM,IGM,R2,5PNNNNNNNNNN(BC)NNNNNNNNN,AGCTACGCATTCAAT,Antibody Capture
IL1RL1.ST2,IL1RL1.ST2,R2,5PNNNNNNNNNN(BC)NNNNNNNNN,GCGATGGAGCATGTT,Antibody Capture
IL21R,IL21R,R2,5PNNNNNNNNNN(BC)NNNNNNNNN,GATTCCGACAGTAGA,Antibody Capture
IL23R,IL23R,R2,5PNNNNNNNNNN(BC)NNNNNNNNN,CTTTAGCAATTAGCG,Antibody Capture
IL2RA.CD25,IL2RA.CD25,R2,5PNNNNNNNNNN(BC)NNNNNNNNN,ACCATGAGACACAGT,Antibody Capture
IL2RB.CD122,IL2RB.CD122,R2,5PNNNNNNNNNN(BC)NNNNNNNNN,GGTATGCGACACTTA,Antibody Capture
IL4RA.CD124,IL4RA.CD124,R2,5PNNNNNNNNNN(BC)NNNNNNNNN,GAACCGTAGTATAAC,Antibody Capture
IL7RA.CD127,IL7RA.CD127,R2,5PNNNNNNNNNN(BC)NNNNNNNNN,GTGTGAGGCACTCTT,Antibody Capture
Isotype.Hamster.IgG,Isotype.Hamster.IgG,R2,5PNNNNNNNNNN(BC)NNNNNNNNN,CCTGTCATTAAGACT,Antibody Capture
Isotype.Mouse.IgG1k,Isotype.Mouse.IgG1k,R2,5PNNNNNNNNNN(BC)NNNNNNNNN,GCCGGACGACATTAA,Antibody Capture
Isotype.Mouse.IgG2ak,Isotype.Mouse.IgG2ak,R2,5PNNNNNNNNNN(BC)NNNNNNNNN,CTCCTACCTAAACTG,Antibody Capture
Isotype.Mouse.IgG2bk,Isotype.Mouse.IgG2bk,R2,5PNNNNNNNNNN(BC)NNNNNNNNN,ATATGTATCACGCGA,Antibody Capture
Isotype.Rat.IgG1bk,Isotype.Rat.IgG1bk,R2,5PNNNNNNNNNN(BC)NNNNNNNNN,ATCAGATGCCCTCAT,Antibody Capture
Isotype.Rat.IgG1bl,Isotype.Rat.IgG1bl,R2,5PNNNNNNNNNN(BC)NNNNNNNNN,GGGAGCGATTCAACT,Antibody Capture
Isotype.Rat.IgG2ak,Isotype.Rat.IgG2ak,R2,5PNNNNNNNNNN(BC)NNNNNNNNN,AAGTCAGGTTCGTTT,Antibody Capture
Isotype.Rat.IgG2bk,Isotype.Rat.IgG2bk,R2,5PNNNNNNNNNN(BC)NNNNNNNNN,GATTCTTGACGACCT,Antibody Capture
Isotype.Rat.IgG2ck,Isotype.Rat.IgG2ck,R2,5PNNNNNNNNNN(BC)NNNNNNNNN,TCCAGGCTAGTCATT,Antibody Capture
ITA4.CD49D,ITA4.CD49D,R2,5PNNNNNNNNNN(BC)NNNNNNNNN,CGCTTGGACGCTTAA,Antibody Capture
ITA6.CD49F,ITA6.CD49F,R2,5PNNNNNNNNNN(BC)NNNNNNNNN,TTCCGAGGATGATCT,Antibody Capture
ITAM.CD11B,ITAM.CD11B,R2,5PNNNNNNNNNN(BC)NNNNNNNNN,TGAAGGCTCATTTGT,Antibody Capture
ITAX.CD11C,ITAX.CD11C,R2,5PNNNNNNNNNN(BC)NNNNNNNNN,GTTATGGACGCTTGC,Antibody Capture
ITB7,ITB7,R2,5PNNNNNNNNNN(BC)NNNNNNNNN,TCCTTGGATGTACCG,Antibody Capture
JAML,JAML,R2,5PNNNNNNNNNN(BC)NNNNNNNNN,GTTATGGTTCGTGTT,Antibody Capture
KIT,KIT,R2,5PNNNNNNNNNN(BC)NNNNNNNNN,TGCATGTCATCGGTG,Antibody Capture
KLRBC_NK1.1,KLRBC_NK1.1,R2,5PNNNNNNNNNN(BC)NNNNNNNNN,GTAACATTACTCGTC,Antibody Capture
KLRG1,KLRG1,R2,5PNNNNNNNNNN(BC)NNNNNNNNN,GTAGTAGGCTAGACC,Antibody Capture
LAG3.CD223,LAG3.CD223,R2,5PNNNNNNNNNN(BC)NNNNNNNNN,ATTCCGTCCCTAAGG,Antibody Capture
LAMP1.CD107A,LAMP1.CD107A,R2,5PNNNNNNNNNN(BC)NNNNNNNNN,AAATCTGTGCCGTAC,Antibody Capture
LANGERIN.CD207,LANGERIN.CD207,R2,5PNNNNNNNNNN(BC)NNNNNNNNN,CGATTTGTATTCCCT,Antibody Capture
LY108,LY108,R2,5PNNNNNNNNNN(BC)NNNNNNNNN,CGATTCTTTGCGAGT,Antibody Capture
LY49A,LY49A,R2,5PNNNNNNNNNN(BC)NNNNNNNNN,AATTCCGTCAGATGA,Antibody Capture
LY51,LY51,R2,5PNNNNNNNNNN(BC)NNNNNNNNN,TCCGTTTGTTGTTGT,Antibody Capture
LY6C1_LY6C2,LY6C1_LY6C2,R2,5PNNNNNNNNNN(BC)NNNNNNNNN,AAGTCGTGAGGCATG,Antibody Capture
LY6G,LY6G,R2,5PNNNNNNNNNN(BC)NNNNNNNNN,ACATTGACGCAACTA,Antibody Capture
MADCAM1,MADCAM1,R2,5PNNNNNNNNNN(BC)NNNNNNNNN,TTGGGCGATTAAGAA,Antibody Capture
MERTK,MERTK,R2,5PNNNNNNNNNN(BC)NNNNNNNNN,AGTAGAGCAACTCGT,Antibody Capture
NEUROPILIN1.CD304,NEUROPILIN1.CD304,R2,5PNNNNNNNNNN(BC)NNNNNNNNN,CCAGCTCATTCAACG,Antibody Capture
NKP46,NKP46,R2,5PNNNNNNNNNN(BC)NNNNNNNNN,CCCTTTCACCTCGAA,Antibody Capture
NOTCH1,NOTCH1,R2,5PNNNNNNNNNN(BC)NNNNNNNNN,TCCGGTCACTCAGTA,Antibody Capture
OX40.CD134,OX40.CD134,R2,5PNNNNNNNNNN(BC)NNNNNNNNN,CTCACCTACCTATGG,Antibody Capture
OX40L.CD252,OX40L.CD252,R2,5PNNNNNNNNNN(BC)NNNNNNNNN,TCTCAGAACAGCCCT,Antibody Capture
P2X7R,P2X7R,R2,5PNNNNNNNNNN(BC)NNNNNNNNN,TGCTTCATTCATGTG,Antibody Capture
PD1L1.CD274,PD1L1.CD274,R2,5PNNNNNNNNNN(BC)NNNNNNNNN,TCGATTCCACCAACT,Antibody Capture
PD1L2.CD273,PD1L2.CD273,R2,5PNNNNNNNNNN(BC)NNNNNNNNN,CACTCCTTGTAGTCA,Antibody Capture
PDCD1.PD1.CD279,PDCD1.PD1.CD279,R2,5PNNNNNNNNNN(BC)NNNNNNNNN,GAAAGTCAAAGCACT,Antibody Capture
SCA1,SCA1,R2,5PNNNNNNNNNN(BC)NNNNNNNNN,TTCCTTTCCTACGCA,Antibody Capture
SIGLEC1.CD169,SIGLEC1.CD169,R2,5PNNNNNNNNNN(BC)NNNNNNNNN,ATTGACGACAGTCAT,Antibody Capture
SIGLECF.CD170,SIGLECF.CD170,R2,5PNNNNNNNNNN(BC)NNNNNNNNN,TCAATCTCCGTCGCT,Antibody Capture
SIGLECH,SIGLECH,R2,5PNNNNNNNNNN(BC)NNNNNNNNN,CCGCACCTACATTAG,Antibody Capture
SIRPA.CD172A,SIRPA.CD172A,R2,5PNNNNNNNNNN(BC)NNNNNNNNN,GATTCCCTTGTAGCA,Antibody Capture
SLAM.CD150,SLAM.CD150,R2,5PNNNNNNNNNN(BC)NNNNNNNNN,CAACGCCTAGAAACC,Antibody Capture
TCRB,TCRB,R2,5PNNNNNNNNNN(BC)NNNNNNNNN,TCCTATGGGACTCAG,Antibody Capture
TCRGD,TCRGD,R2,5PNNNNNNNNNN(BC)NNNNNNNNN,AACCCAAATAGCTGA,Antibody Capture
TCRGDbis,TCRGDbis,R2,5PNNNNNNNNNN(BC)NNNNNNNNN,ATCAACCGCCCTAAG,Antibody Capture
TCRVA11.1_TCRVA11.2,TCRVA11.1_TCRVA11.2,R2,5PNNNNNNNNNN(BC)NNNNNNNNN,CTTACCCGGATTCTA,Antibody Capture
TCRVA2,TCRVA2,R2,5PNNNNNNNNNN(BC)NNNNNNNNN,TTGACCCGCTACGAA,Antibody Capture
TCRVA8.3,TCRVA8.3,R2,5PNNNNNNNNNN(BC)NNNNNNNNN,TTAGAGTCGCTTGGA,Antibody Capture
TCRVA8.3bis,TCRVA8.3bis,R2,5PNNNNNNNNNN(BC)NNNNNNNNN,CTTTCCCTAGTATGC,Antibody Capture
TCRVB5.1_TCRVB5.2,TCRVB5.1_TCRVB5.2,R2,5PNNNNNNNNNN(BC)NNNNNNNNN,CTCAACAGTATTCTG,Antibody Capture
TCRVB8.1_TCRVB8.2,TCRVB8.1_TCRVB8.2,R2,5PNNNNNNNNNN(BC)NNNNNNNNN,ACTATCCGTTGTGCT,Antibody Capture
TCRVG1.1,TCRVG1.1,R2,5PNNNNNNNNNN(BC)NNNNNNNNN,TCGTTTAACCAGCCT,Antibody Capture
TCRVG2,TCRVG2,R2,5PNNNNNNNNNN(BC)NNNNNNNNN,AAGCTGCACCGTAAT,Antibody Capture
TCRVG3,TCRVG3,R2,5PNNNNNNNNNN(BC)NNNNNNNNN,TCGTGGTCCCTTTCT,Antibody Capture
TER119,TER119,R2,5PNNNNNNNNNN(BC)NNNNNNNNN,GCGCGTTTGTGCTAT,Antibody Capture
THY1.1.CD90.1,THY1.1.CD90.1,R2,5PNNNNNNNNNN(BC)NNNNNNNNN,AGTATGGGATGCAAT,Antibody Capture
THY1.2,THY1.2,R2,5PNNNNNNNNNN(BC)NNNNNNNNN,CCGATCAGCCGTTTA,Antibody Capture
TIGIT,TIGIT,R2,5PNNNNNNNNNN(BC)NNNNNNNNN,GAAAGTCGCCAACAG,Antibody Capture
TIM4,TIM4,R2,5PNNNNNNNNNN(BC)NNNNNNNNN,TGCTGGAGGGTATTC,Antibody Capture
TNFRSF25.DR3,TNFRSF25.DR3,R2,5PNNNNNNNNNN(BC)NNNNNNNNN,GCTTGGGCAATTAAG,Antibody Capture
VEGFR2.CD309,VEGFR2.CD309,R2,5PNNNNNNNNNN(BC)NNNNNNNNN,ATAAGAGCCCACCAT,Antibody Capture
VISTA,VISTA,R2,5PNNNNNNNNNN(BC)NNNNNNNNN,ACATTTCCCTTGCCT,Antibody Capture
XCR1,XCR1,R2,5PNNNNNNNNNN(BC)NNNNNNNNN,TCCATTACCCACGTT,Antibody Capture
